{
  "project_info": {
    "project_number": "756278596639",
    "firebase_url": "https://team38-5a204.firebaseio.com",
    "project_id": "team38-5a204",
    "storage_bucket": "team38-5a204.appspot.com"
  },
  "client": [
    {
      "client_info": {
        "mobilesdk_app_id": "1:756278596639:android:d84a74dba7ac2f1644312a",
        "android_client_info": {
          "package_name": "com.example.booker"
        }
      },
      "oauth_client": [
        {
          "client_id": "756278596639-ij53vsm6qf9f3atuu9ft5pb1hig73qhk.apps.googleusercontent.com",
          "client_type": 3
        }
      ],
      "api_key": [
        {
          "current_key": "AIzaSyBTWZT4842ujWpiKp43SPaw_i54TPFZY24"
        }
      ],
      "services": {
        "appinvite_service": {
          "other_platform_oauth_client": [
            {
              "client_id": "756278596639-ij53vsm6qf9f3atuu9ft5pb1hig73qhk.apps.googleusercontent.com",
              "client_type": 3
            }
          ]
        }
      }
    }
  ],
  "configuration_version": "1"
}